name,category,nationality,nature,website,twitter,date_signed
"Aapti Institute","civil-society","IND","Centre de recherche","","",""
"ABB","private-sector","SWE","Entreprise","","",""
"Abelia","private-sector","NOR","Association professionnelle ","","",""
"Academia Mexicana de Derecho Informático, A.C.","civil-society","MEX","Association","","",""
"ACCEIS","private-sector","FRA","Entreprise","","",""
"Accenture","private-sector","FRA","Entreprise","","",""
"Access Now","civil-society","USA","ONG","","",""
"Access Partnership","private-sector","GBR","Entreprise","","",""
"Acocine","civil-society","COL","Association","","",""
"ACPM IT Consulting Ltd","private-sector","HUN","","","",""
"ACSE","private-sector","FRA","Entreprise","","",""
"Action for India","civil-society","IND","Organisation à but non lucratif","","",""
"ActiveGraf","private-sector","USA","Entreprise","","",""
"ACYMA - Cybermalveillance.gouv.fr","public-authority","FRA","Groupement d’intérêt public","","",""
"Adelphi Net1 Ltd","private-sector","IRL","Entreprise","","",""
"Adigital","private-sector","ESP","Association professionnelle ","","",""
"Advanced Cyber Security Engineering Research Centre (ACSRC), The University of Newcastle","civil-society","AUS","Université","","",""
"Advanced Data Tech Ltd.","private-sector","BGR","Entreprise","","",""
"AES Corporation","private-sector","USA","Entreprise","","",""
"Aevitas SA de CV","private-sector","MEX","Entreprise","","",""
"AFCEA Czech Chapter","civil-society","CZE","Organisation à but non lucratif","","",""
"AFCEA Slovakia","civil-society","SVK","Organisation à but non lucratif","","",""
"Africa Digital Rights’ Hub","civil-society","GHA","Think tank","","",""
"AfricaCERT","civil-society","GHA","","","",""
"Aga Khan Rural Support Programme India","civil-society","IND","Organisation à but non lucratif","","",""
"Aggreg8","private-sector","HUN","Entreprise","","",""
"aiL","private-sector","FRA","Entreprise","","",""
"AIESEC Abidjan Sud","civil-society","CIV","Organisation à but non lucratif","","",""
"Airbus","private-sector","FRA","Entreprise","","",""
"AIVENTU","private-sector","TUN","Entreprise","","",""
"AL Consulting","private-sector","MYS","Entreprise","","",""
"Aladdin-RD","private-sector","RUS","Entreprise","","",""
"Albanie","state","ALB","","","",""
"Albright Stonebridge Group","private-sector","USA","Entreprise","","",""
"ALEF Group","private-sector","CZE","Entreprise","","",""
"Alianza Corp","private-sector","MEX","Entreprise","","",""
"Aliter","private-sector","SVK","Entreprise","","",""
"All India Management Association","civil-society","IND","Fédération","","",""
"Allemagne","state","DEU","UE","","",""
"Alliance for Peacebuilding","civil-society","USA","ONG","","",""
"Alliance Française des Industries du Numérique (AFNUM)","private-sector","FRA","Association professionnelle ","","",""
"Alliance pour la Confiance Numérique (ACN)","private-sector","FRA","Association professionnelle ","","",""
"Allianz","private-sector","DEU","Entreprise","","",""
"Allied for Startups","civil-society","BEL","Organisation à but non lucratif","","",""
"ALN Institute Ltd","private-sector","KEN","Association professionnelle ","","",""
"Alpine Multidisciplinary Network on Cyber-Security Studies(AMNECYS)","civil-society","FRA","Centre de recherche","","",""
"ALSID","private-sector","FRA","Entreprise","","",""
"Alster Legal","private-sector","CHL","Entreprise","","",""
"ALSTOM","private-sector","FRA","Entreprise","","",""
"Alterfina","private-sector","FRA","Entreprise","","",""
"Altice Portugal","private-sector","PRT","Entreprise","","",""
"Alto Data Analytics","private-sector","ESP","Entreprise","","",""
"AMANC","civil-society","MEX","Association","","",""
"Amárach Research","private-sector","IRL","Entreprise","","",""
"AmazoOn du web","civil-society","CIV","Association","","",""
"American Chamber of Commerce in Bulgaria","private-sector","BGR","Chambre de commerce","","",""
"American Chamber of Commerce in Canada","private-sector","CAN","Chambre de commerce","","",""
"American Chamber of Commerce in Germany","private-sector","USA","Chambre de commerce","","",""
"American Chamber of Commerce in Guatamala","private-sector","GTM","Chambre de commerce","","",""
"American Chamber of Commerce in Honduras","private-sector","HND","Chambre de commerce","","",""
"American Chamber of Commerce in Hungary","private-sector","HUN","Chambre de commerce","","",""
"American Chamber of Commerce in Ireland","private-sector","IRL","Chambre de commerce","","",""
"American Chamber of Commerce in Kenya","private-sector","USA","Chambre de commerce","","",""
"American Chamber of Commerce in Latvia","civil-society","LVA","","","","2019-11-19"
"American Chamber of Commerce in Moldova","private-sector","MDA","Chambre de commerce","","",""
"American Chamber of Commerce in Norway","private-sector","NOR","Chambre de commerce","","",""
"American Chamber of Commerce in Peru","private-sector","PER","Chambre de commerce","","",""
"American Chamber of Commerce in Poland","private-sector","POL","Chambre de commerce","","",""
"American Chamber of Commerce in Romania","private-sector","ROM","Chambre de commerce","","",""
"American Chamber of Commerce in Slovakia","private-sector","SVK","Chambre de commerce","","",""
"American Chamber of Commerce in Slovenia","private-sector","SVN","Chambre de commerce","","",""
"American Chamber of Commerce in Switzerland","private-sector","CHE","Chambre de commerce","","",""
"American Chamber of Commerce in the Czech Republic","private-sector","CZE","Chambre de commerce","","",""
"American Chamber of Commerce in the Netherlands","private-sector","NLD","Chambre de commerce","","",""
"American Chamber of Commerce in Turkey","private-sector","TUR","Chambre de commerce","","",""
"American Chamber of Commerce of El Salvador","private-sector","SLV","Chambre de commerce","","",""
"American Chamber of Commerce of Mexico","private-sector","MEX","Chambre de commerce","","",""
"American Chamber of Commerce of the Dominican Republic","private-sector","DOM","","","","2019-12-11"
"American-Hellenic Chamber of Commerce","private-sector","USA","Chambre de commerce","","",""
"American Institute of Contemporary German Studies","civil-society","USA","Fondation ","","",""
"AMETIC","private-sector","ESP","Association professionnelle ","","",""
"Anand and Anand","private-sector","IND","Entreprise","","","2019-11-12"
"Anant National University","civil-society","IND","Université","","",""
"AnchorFree","private-sector","USA","Entreprise","","",""
"Andersen Tax & Legal","private-sector","ESP","","https://www.andersentaxlegal.es","Andersen Tax &amp; Legal, Spain (@AndersenTL_ES)","2020-03-25"
"Andorre","state","AND","","","",""
"ANETIE","private-sector","PRT","Association professionnelle ","","",""
"Ankara 112 Prehospital Emergency Health Service","public-authority","TUR","","","","2019-11-14"
"Anomali","private-sector","USA","Entreprise","","",""
"Anra","private-sector","ITA","Entreprise","","",""
"ANSSI Romania","civil-society","ROM","Organisation à but non lucratif","","",""
"Antiopea","private-sector","FRA","Entreprise","","",""
"Antoniou McCollum & Co.","private-sector","BTN","","https://amc.law","@AMCLaw_Cyprus","2019-12-15"
"Anudip Foundation of Social Welfare","civil-society","IND","Organisation à but non lucratif","","",""
"APAC, I.A.P Asociación Pro Personas con Parálisis Cerebral","civil-society","MEX","","https://apac.mx/","https://twitter.com/apacdf?ref_src=twsrc%5Egoogle%","2020-09-30"
"APCO Worldwide","private-sector","BEL","Entreprise","","",""
"Apesoft","private-sector","PER","Entreprise","","",""
"APPLiA","private-sector","BEL","Association professionnelle","https://applia-europe.eu/","@APPLiA_Europe","2020-06-30"
"Aquí Nadie Se Rinde, I.A.P.","civil-society","MEX","","","",""
"Archive360","private-sector","USA","Entreprise","","",""
"Argentine","state","ARG","","","",""
"AriadNEXT","private-sector","FRA","Entreprise","","",""
"Aristotle University of Thessaloniki (AUTH)","civil-society","GRC","Université","","",""
"ARM","private-sector","GBR","Entreprise","","",""
"Arménie","state","ARM","","","",""
"Ascendia S.A.","private-sector","ROM","Entreprise","","",""
"ASCENT Consulting","private-sector","FRA","Entreprise","","",""
"Ashoka University","civil-society","IND","Université","","",""
"Asia Cloud Computing Association (ACCA)","private-sector","SGP","Association professionnelle ","","",""
"Asia Cybersecurity Exchange (Asiacyberx)","private-sector","MYS","Entreprise","","",""
"Asia Pacific Network Information Centre (APNIC)","civil-society","AUS","Organisation à but non lucratif","","",""
"ASOBANCARIA","private-sector","COL","Entreprise","","",""
"Asociacion Chilena de Empresas de Technologias y de Informacion (ACTI)","private-sector","CHL","Association professionnelle ","","",""
"Asociación de Bancos del Perú","civil-society","PER","Centre de recherche","","",""
"Asociación de Constitucionalistas","civil-society","ESP","Fondation ","","",""
"Asociación de Empresas Eléctricas A.G.","private-sector","CHL","Association professionnelle ","","",""
"Asociación de Internet .MX","civil-society","MEX","Fondation ","","",""
"Asociación Mexicana de Industrias de Investigación Farmacéutica, A.C","private-sector","MEX","","","",""
"Asociación Nacional de Comercio Exterior (ANALDEX)","private-sector","COL","Chambre de commerce","","",""
"Asociación Panameña de Derecho y Nuevas Tecnologías ( APANDETEC)","civil-society","PAN","ONG","","",""
"Asociación Panameña de Peritos en Informática Forense (APPIF)","private-sector","PAN","Association professionnelle ","","",""
"ASPERTIC","private-sector","ESP","Association professionnelle ","","",""
"Asseco Software Nigeria","private-sector","NGA","","https://ng.asseco.com","https://twitter.com/assecong","2020-03-16"
"Associação Empresarial de Portugal (AEP)","private-sector","PRT","Association professionnelle ","","",""
"Associação Nacional de Jovens Empresários (ANJE)","private-sector","PRT","Association professionnelle ","","",""
"Associação Portuguesa de Software (ASSOFT)","private-sector","PRT","Association professionnelle ","","",""
"Associação Portuguesa para o Desenvolvimento das Comunicações (ADPC)","private-sector","PRT","Association professionnelle ","","",""
"Association des Professionnels de la Société de l’Information (APSI)","private-sector","LUX","Association professionnelle ","","",""
"Association française des juristes d’entreprise (AFJE)","private-sector","FRA","Association professionnelle ","","",""
"Association of British HealthTech Industries","private-sector","GBR","","","",""
"Association of Research-Based Pharmaceutical Companies (vfa)","private-sector","DEU","","","",""
"Association pour le Management des Risques et des Assurances de l’Entreprise (AMRAE)","private-sector","FRA","Association professionnelle ","","",""
"Association Suisse des Insurance et Risk Managers (SIRM)","private-sector","CHE","Association professionnelle ","","",""
"ASTREE SOLUTION","private-sector","FRA","Entreprise","","",""
"Astronautical Association of Malaysia (AstroX)","civil-society","MYS","Association","","",""
"Athena Research Center","civil-society","GRC","Centre de recherche","","",""
"Atlantic Council","civil-society","USA","Think tank","","",""
"Atlas Law Partners","private-sector","IND","Entreprise","","",""
"Atlassian","private-sector","AUS","Entreprise","","",""
"Atos","private-sector","FRA","Entreprise","","",""
"Australian Strategic Policy Institute","civil-society","AUS","Think tank","","",""
"Australie","state","AUS","","","",""
"authUSB","private-sector","ESP","","https://www.authusb.net","https://twitter.com/authusb","2019-11-26"
"Autriche","state","AUT","UE","","",""
"Avast","private-sector","CZE","Entreprise","","",""
"Awara IT","private-sector","RUS","Entreprise","","",""
"AXA","private-sector","FRA","Entreprise","","",""
"Axence","private-sector","POL","Entreprise","","",""
"Axians","private-sector","PRT","Entreprise","","",""
"AYECI Africa","civil-society","NGA","Organisation à but non lucratif","","",""
"B&B Abogados","private-sector","COL","Entreprise","","",""
"B-Hive","private-sector","BEL","Entreprise","","",""
"Baffin Bay Networks","private-sector","SWE","Entreprise","","",""
"Baitulmal Professional College","civil-society","MYS","université","","",""
"Balasys","private-sector","HUN","Entreprise","","",""
"Banco de Crédito BCP","private-sector","PER","Entreprise","","",""
"Banco del Bajio","private-sector","MEX","Entreprise","","",""
"Bank of Ireland Group","private-sector","IRL","Entreprise","","",""
"Banking and Payments Federation Ireland","private-sector","IRL","Association professionnelle ","","",""
"Bantay Konsumer, Kalsada, Kuryente (BK3)","civil-society","PHL","Organisation à but non lucratif","","",""
"Bartosik Svaby s.r.o.","private-sector","SVK","Entreprise","","",""
"B.Braun Medical","private-sector","HUN","","","",""
"BBVA","private-sector","ESP","","https://shareholdersandinvestors.bbva.com/","","2019-11-12"
"Belgique","state","BEL","UE","","",""
"Bessé","private-sector","FRA","Entreprise","","",""
"Best Business Travel SRL","private-sector","ROM","Entreprise","","",""
"Beta-i","private-sector","PRT","Entreprise","","",""
"Billennium","private-sector","POL","Entreprise","","",""
"Binary House","private-sector","SVK","Entreprise","","",""
"Bird & Bird","private-sector","CZE","Entreprise","","",""
"Bitdefender","private-sector","ROM","Entreprise","","",""
"Bitkom","private-sector","DEU","Association professionnelle ","","",""
"Bitkub group","private-sector","THA","Entreprise","","",""
"Bitso","private-sector","MEX","","https://bitso.com","@Bitso","2019-11-21"
"Bittium","private-sector","FIN","Entreprise","","",""
"BlackBerry Ltd","private-sector","CAN","","https://www.blackberry.com","@blackberry","2019-11-18"
"Black Cell ltd","private-sector","HUN","Entreprise","","",""
"Blanar & Partners s.r.o.","private-sector","SVK","Entreprise","","",""
"Blockchain for Europe","private-sector","BEL","Association professionnelle ","","",""
"Blue Science Park","civil-society","SWE","Association","","",""
"Bod Commune","public-authority","ROM","Collectivité locale","","",""
"BOMGAR","private-sector","FRA","Entreprise","","",""
"Bordeaux Institute of International Cybersecurity Studies (BIICS)","civil-society","FRA","Association","","",""
"Bosnie-Herzégovine","state","BIH","","","",""
"Ibotnoi","private-sector","THA","Entreprise","","",""
"BowerGroupAsia","private-sector","IDN","Entreprise","","",""
"Boyanov & Co.","private-sector","BGR","Entreprise","","",""
"Brasoftware Informática Ltda.","private-sector","BRA","Entreprise","","",""
"Brazilian Association of Software Companies","civil-society","BRA","Fédération","","",""
"Brisa Women Foundation","civil-society","NGA","Organisation à but non lucratif","","",""
"Brite Digital Co., LTD","private-sector","KHM","Entreprise","","",""
"BritishAmerican Business","private-sector","GBR","Association professionnelle ","","",""
"Broadband India Forum (BIF)","civil-society","IND","Think tank","","",""
"BSA | The Software Alliance","private-sector","USA","Association professionnelle ","","",""
"BT","private-sector","GBR","Entreprise","","",""
"Bulgarian Association of information Technologies (BAIT)","private-sector","BGR","Association professionnelle ","","",""
"Bulgarie","state","BGR","UE","","",""
"Bulpros","private-sector","BGR","Entreprise","","",""
"Bumrungrad International Hospital","private-sector","THA","","","",""
"Bundesdruckerei GmbH","private-sector","DEU","Entreprise","","",""
"Bundesverband Deutsche Startups","private-sector","DEU","Association professionnelle ","","",""
"Burkina","state","BFA","","","",""
"Business Continuity SpA","private-sector","CHL","Entreprise","","",""
"Business for Peace Foundation","civil-society","NOR","Fondation ","","",""
"BVDW","private-sector","DEU","Association professionnelle ","","",""
"CA Technologies","private-sector","USA","Entreprise","","",""
"Cabinet Vaughan Avocats","civil-society","FRA","Entreprise","","",""
"CAD R&D Centre PROGRESS","private-sector","BGR","Entreprise","","",""
"Cámara de Bancos e Instituciones Financieras de Costa Rica","civil-society","CRI","association","","",""
"Cambodge","state","KHM","","","","2020-02-27"
"Canada","state","CAN","","","",""
"Canadian Information Processing Society (CIPS)","private-sector","CAN","Association professionnelle ","","",""
"Canadian Institute for Cybersecurity (University of New Brunswick)","civil-society","CAN","Fondation ","","",""
"CAPA 8 Foundation","civil-society","ARG","","","","2019-12-23"
"Capgemini","private-sector","FRA","Entreprise","","",""
"Carbon Black","private-sector","USA","Entreprise","","",""
"CARE for AIDS Kenya","civil-society","KEN","Organisation à but non lucratif","","",""
"Carnegie Endowment for International Peace","civil-society","USA","Think tank","","",""
"Casa de la Amistad","civil-society","MEX","Association","","",""
"CASMU","private-sector","URY","","https://casmu.com.uy","@casmuoficial","2020-09-30"
"CECyF","civil-society","FRA","Centre de recherche","","",""
"CEC Government Relations","private-sector","POL","Entreprise","","",""
"Center for Complexity Science (C3) of the National University of Mexico (UNAM)","civil-society","MEX","Université","","",""
"Center for Cyber Security and International Relations Studies (CCSIRS) University of Florence","civil-society","ITA","université","","",""
"Center for Defence, Space and Security (CENSEC)","private-sector","DNK","Association professionnelle ","","",""
"Center for Democracy and Technology","civil-society","USA","Think tank","","",""
"Center for Digital Trust of the Swiss Federal Institute of Technology Lausanne (EPFL)","civil-society","CHE","","https://c4dt.epfl.ch","","2019-12-02"
"Center for Information Technology Research in the Interest of Society (CITRIS)","civil-society","USA","Centre de recherche","","",""
"Center for International Law and Governance, Fletcher School of Law and Diplomacy at Tufts University","civil-society","USA","Université","","",""
"Center For Long Term Cybersecurity (CLTC) (University of California, Berkeley)","civil-society","USA","Centre de recherche","","",""
"Center for Propaganda and Disinformation Analysis","civil-society","POL","Fondation ","","",""
"Centre d'Etudes sur la Sécurité Internationale et les Coopérations Européennes (CESICE)","civil-society","FRA","Centre de recherche","","",""
"Centre for European Policy Studies (CEPS)","civil-society","BEL","Think tank","","",""
"Centre for European Studies, UAIC Iasi","civil-society","ROM","Université","","",""
"Centre for International Relations (CSM)","civil-society","POL","Think tank","","",""
"Centre for Internet and Society, India","civil-society","IND","ONG","","",""
"Centre for Research, Advisory & Technology (CREATE)","civil-society","MYS","Centre de recherche","","",""
"Centro de Análisis para Políticas Públicas (CAPP)","civil-society","DOM","Organisation à but non lucratif","","",""
"Centro de Autonomía Personal y Social","civil-society","MEX","","","",""
"Centrum Medyczno-Diagnostyczne","private-sector","POL","","","",""
"CERT.LV","public-authority","LVA","Opérateur","","",""
"CEST","civil-society","BRA","Université","","",""
"Chaire Castex de cyberstratégie de l’IHEDN","civil-society","FRA","Centre de recherche","","",""
"Chaire Jean Monnet sur les Relations franco-allemandes, l’intégration européenne et la mondialisation -Grenoble","civil-society","FRA","Université","","",""
"Chalkida","public-authority","GRC","Collectivité locale","","",""
"Chambers Ireland","private-sector","IRL","Association professionnelle ","","",""
"Change Fusion","civil-society","THA","ONG","","",""
"Charity Navigator","private-sector","USA","Entreprise","","",""
"Chase India","private-sector","IND","Entreprise","","",""
"Chilean Institute of Law and Technologies","civil-society","CHL","","","",""
"Chili","state","CHL","","","",""
"Chypre","state","CYP","UE","","",""
"Cigref","private-sector","FRA","Association professionnelle ","","",""
"CIMB","private-sector","MYS","Entreprise","","",""
"Circulo de Empresarios","civil-society","ESP","","https://circulodeempresarios.org/en/","@circulodeempresa","2019-11-18"
"CIRCULO INFORMATTICA, S.A. DE C.V. (MATTICA)","private-sector","COL","Entreprise","","",""
"CISObeat","civil-society","PER","Association","","",""
"Cisco","private-sector","USA","Entreprise","","",""
"Citalid","private-sector","FRA","Entreprise","","",""
"Citigroup","private-sector","GBR","Entreprise","","",""
"CitizenWatch Philippines","civil-society","PHL","Organisation à but non lucratif","","",""
"City of Huntington, West Virginia","public-authority","USA","Collectivité locale","","",""
"City of Louisville, Kentucky","public-authority","USA","Collectivité locale","","",""
"Clifford Chance CIS Limited","private-sector","RUS","Entreprise","","",""
"Cloudflare","private-sector","USA","Entreprise","","",""
"Club des experts de la sécurité de l'information et du numérique (CESIN)","private-sector","FRA","Association professionnelle ","","",""
"CLUSIF","private-sector","FRA","Association professionnelle ","","",""
"CMAI Association of India","private-sector","IND","Association professionnelle ","","",""
"CMS Law","private-sector","HUN","Entreprise","","",""
"#cnetz","civil-society","DEU","Think tank","","",""
"CNIL","public-authority","FRA","Autorité indépendante","","",""
"COAI","civil-society","IND","ONG","","",""
"Code for Change South Africa","civil-society","ZAF","Organisation à but non lucratif","","",""
"CodeVA","civil-society","USA","Organisation à but non lucratif","","",""
"CoderDojo Bucuresti","civil-society","ROM","Association","","",""
"Cognizant","private-sector","USA","Entreprise","","",""
"Colombian Chamber of Electronic Commerce","private-sector","COL","Chambre de commerce","","",""
"Colombian Chamber of IT & Telecom (CCIT)","private-sector","COL","Association professionnelle ","","",""
"Colombie","state","COL","","","",""
"COMACSA","private-sector","PER","Entreprise","","",""
"Comision Nacional de Telecomunicaciones","public-authority","HND","Organisme public","","",""
"Commerzbank","private-sector","BEL","Entreprise","","",""
"Commonwealth of Virginia","public-authority","USA","Etat fédéré","","",""
"Compagnie Européenne d'Intelligence Stratégique (CEIS)","private-sector","FRA","Entreprise","","",""
"Compagnie Régionale des Commissaires aux Comptes de Colmar","private-sector","FRA","Association professionnelle ","","",""
"Competitive Brazil Movement (MBC)","civil-society","BRA","Organisation à but non lucratif","","",""
"Compu-Mark","private-sector","HUN","Entreprise","","",""
"CompuSoluciones y Asociados","private-sector","MEX","Entreprise","","",""
"Computer Revolution Africa Group","private-sector","KEN","Entreprise","","",""
"Comtrade Solutions","private-sector","SVN","Entreprise","","",""
"Confederação Empresarial de Portugal (CIP)","private-sector","PRT","Association professionnelle ","","",""
"Confederation of Danish Industry (DI)","private-sector","DNK","Association professionnelle ","","",""
"Confederation of Finnish Industries","private-sector","FIN","Association professionnelle ","","",""
"Confederation of Indian Indistry","private-sector","IND","Association professionnelle ","","",""
"Congo","state","COG","","","",""
"Connecting Trust","private-sector","DEU","Entreprise","","",""
"Conseil National du Numérique","public-authority","FRA","Commission consultative","","",""
"Construction Industry Federation (CIF)","private-sector","IRL","Association professionnelle ","","",""
"Contrast Security","private-sector","USA","Entreprise","","",""
"Convergence Partners","private-sector","ZAF","Entreprise","","",""
"Cordell Institute for Policy in Medicine and Law","civil-society","USA","Université","","",""
"Corée du Sud","state","KOR","","","",""
"Cork Institute of Technology (CIT)","civil-society","IRL","Université","","",""
"Costa Group","private-sector","ITA","Entreprise","","",""
"CREOpoint","private-sector","USA","","","",""
"Crète","public-authority","GRC","Collectivité locale","","",""
"Cris Réseaux","private-sector","FRA","","https://www.cris-reseaux.com/","@Cris_Reseaux","2020-01-30"
"Croatie","state","HRV","UE","","",""
"CRY- Child Rights And You","civil-society","IND","Association","","",""
"Cryptelo","private-sector","CZE","Entreprise","","","2019-11-12"
"CTV","private-sector","FRA","Entreprise","","",""
"Cursor Insight","private-sector","HUN","Entreprise","","",""
"CyRadar Information Security Joint Stock Company","private-sector","VNM","Entreprise","","",""
"Cyber4U","private-sector","FRA","","https://www.cyber4u.fr","","2020-03-31"
"Cyber Adapt","private-sector","USA","Entreprise","","",""
"Cyber Czar","civil-society","ZAF","","","",""
"Cyber Ireland","private-sector","IRL","Entreprise","","",""
"CyberLand, Innlandet County, Norway","public-authority","NOR","","https://www.cyberland.no","N/A","2019-11-18"
"CyberLaw Center at Korea University","civil-society","KOR","Université","","",""
"Cyber Law International","private-sector","USA","Entreprise","","",""
"CyberPeace Institute","civil-society","CHE","","https://cyberpeaceinstitute.org/","@CyberpeaceInst","2020-04-22"
"CyberRx Inc","private-sector","USA","Entreprise","","",""
"CyberSafeIreland","civil-society","IRL","Organisation à but non lucratif","","",""
"Cyber Security Coalition","civil-society","BEL","Think tank","","",""
"Cyber Services","private-sector","HUN","Entreprise","","",""
"CyberTaskForce","private-sector","FRA","","https://cybertaskforce.fr","Cyber_TaskForce","2020-01-06"
"Cyber Test Systems","private-sector","FRA","Entreprise","","",""
"Cybereason","private-sector","USA","Entreprise","","",""
"Cyberjobs.fr / Eden Forums","private-sector","FRA","Entreprise","","",""
"Cybernetica","private-sector","EST","Entreprise","","",""
"Cyberus Labs","private-sector","POL","Entreprise","","",""
"Cyberwayfinder","civil-society","BEL","ONG","","",""
"CymbiQ Group AG","private-sector","DEU","Entreprise","","",""
"Cyprus Cybersecurity Organization (CyCSO)","private-sector","CYP","Entreprise","","",""
"Cyrating","private-sector","FRA","Entreprise","","",""
"Czech Telecommunication Office","public-authority","CZE","Autorité indépendante","","",""
"D&D International - Digital Democracy","civil-society","PER","Fondation ","","",""
"Daanish School Boys Chishtian","civil-society","PAK","Ecole","","",""
"Daimler Group","private-sector","DEU","Entreprise","","",""
"Danemark","state","DNK","UE","","",""
"Danish Chamber of Commerce","private-sector","DNK","Chambre de commerce","","",""
"Danish ICT Industry Association","private-sector","DNK","Association professionnelle ","","",""
"Danmission","civil-society","DNK","ONG","","",""
"Das Progressive Zentrum","civil-society","DEU","Think tank","","",""
"Dashlane","private-sector","FRA","Entreprise","","",""
"DataAI","private-sector","GBR","","https://www.dataai.uk","@no","2020-06-20"
"Data Exchange Agency","public-authority","GEO","","https://www.dea.gov.ge","","2020-01-30"
"Data Security Council of India (DSCI)","private-sector","IND","Association professionnelle ","","",""
"Datarisk Canada","private-sector","CAN","Entreprise","","",""
"Datastax","private-sector","USA","Entreprise","","",""
"DeNA","private-sector","JPN","","https://dena.com/intl/","N/A","2019-12-09"
"Decadia GmbH","private-sector","DEU","Entreprise","","",""
"DECO PROTESTE","civil-society","PRT","Association","","",""
"Dell","private-sector","USA","Entreprise","","",""
"Dell Technologies","private-sector","USA","Entreprise","","",""
"Democracy Watch Philippines","civil-society","PHL","Association","","",""
"Der Mittelstand. BVMW","private-sector","DEU","Association professionnelle ","","",""
"Design 4 Democracy Coalition (D4D)","civil-society","USA","Organisation à but non lucratif","","","2019-11-12"
"DesignIT International","civil-society","NGA","","https://web.archive.org/web/20090105234050/http://www.knowledgehouseafrica.org/history.php","@designithq","2019-12-13"
"Deutsche Bank AG","private-sector","DEU","Entreprise","","",""
"Deutsche Post DHL Group","private-sector","DEU","Entreprise","","",""
"Deutsche Telekom","private-sector","DEU","Entreprise","","",""
"Deutschland sicher im Netz e. V. (DsiN)","private-sector","DEU","Association professionnelle ","","",""
"Digify Africa","private-sector","ZAF","Entreprise","","",""
"Digital Center de la Toulouse School of Economics","civil-society","FRA","Université","","",""
"Digital Citizens Romania","civil-society","ROM","Think tank","","",""
"Digital Empowerment Foundation","civil-society","IND","Fondation ","","",""
"DigitalES","private-sector","ESP","Association professionnelle ","","",""
"Digital Fingerprints","private-sector","POL","Entreprise","","",""
"Digital Gateway to Europe","private-sector","NLD","Association professionnelle ","","",""
"Digital Infrastructure Association Netherlands (DINL)","private-sector","NLD","Association professionnelle ","","",""
"Digital National Alliance","private-sector","BGR","","https://www.digitalalliance.bg/","https://twitter.com/dna_bg?lang=en","2020-07-09"
"Digital Peers International","civil-society","NGA","Organisation à but non lucratif","","",""
"Digital Poland Foundation","civil-society","POL","Fondation ","","",""
"Digital Security","private-sector","FRA","Entreprise","","",""
"DIGITALEUROPE","private-sector","BEL","Association professionnelle ","","",""
"digitalswitzerland","civil-society","CHE","Organisation à but non lucratif","","",""
"Divisas San Jorge Casa de Cambio","private-sector","MEX","Entreprise","","",""
"DNB","private-sector","NOR","","https://www.dnb.no","dnb_bank","2019-11-18"
"Docusign","private-sector","USA","Entreprise","","",""
"Domański Zakrzewski Palinka","private-sector","POL","Entreprise","","",""
"DREN & ROVŠEK","private-sector","SVN","Entreprise","","",""
"DROG - Bad News","civil-society","NLD","Centre de recherche","","",""
"Drogueria del Sud","private-sector","ARG","","","",""
"Drzavljan D","civil-society","SVN","ONG","","",""
"Dublin Chamber of Commerce","private-sector","IRL","Chambre de commerce","","",""
"Dublin City University","civil-society","IRL","Université","","",""
"Dutch Data Center Association","private-sector","NLD","Association professionnelle ","","",""
"E-Civis Association","civil-society","ROM","","","",""
"eNET Internet Research and Consulting Ltd.","private-sector","HUN","Entreprise","","",""
"ePaństwo Foundation","civil-society","POL","Fondation ","","",""
"EastWest Institute","civil-society","USA","ONG","","",""
"EBRC","private-sector","LUX","Entreprise","","",""
"EBRC – European Business Reliance Centre","private-sector","LUX","Entreprise","","",""
"Eco - Association of the Internet Industry","private-sector","DEU","Association professionnelle ","","",""
"Economic and Social Research Institute (ESRI)","civil-society","IRL","Centre de recherche","","",""
"economiesuisse","private-sector","CHE","Association professionnelle ","","",""
"EDP - Energias de Portugal","private-sector","PRT","Entreprise","","",""
"Education Quality Foundation of India (EQFI)","civil-society","IND","Organisation à but non lucratif","","",""
"EGERIE","private-sector","FRA","","https://www.egerie.eu","@EGERIEsoftware","2020-03-19"
"EGERIE Software","private-sector","FRA","Entreprise","","",""
"EGRITOS GROUP - SYNERGASIA S.A.","private-sector","GRC","Entreprise","","",""
"EHTEL Association","civil-society","BEL","","https://ehtel.eu","@ehtel_ehealth","2020-10-05"
"El-Borai & Partners Law Firm","private-sector","EGY","Entreprise","","",""
"El Colegio de Abogados y Abogadas de Costa Rica","private-sector","CRI","Association professionnelle ","","",""
"Elcano Royal Institute","civil-society","ESP","Think tank","","",""
"Elets Technomedia Pvt Ltd","private-sector","IND","Entreprise","","",""
"Eleven Eleven Twelve Foundation","civil-society","NGA","Fondation ","","",""
"EMC Piaseczno","private-sector","POL","","","",""
"EMC Instytut Medyczny","private-sector","POL","","","",""
"Émirats Arabes Unis","state","ARE","","","",""
"Encryption Europe","private-sector","LUX","","https://www.encryptioneurope.eu/","@EncryptEurope","2020-03-02"
"ENEDIS","private-sector","FRA","Entreprise","","",""
"Enel","private-sector","ITA","Entreprise","","",""
"EnergyPact Foundation","civil-society","AUT","","https://www.energypact.org","0","2019-11-14"
"Energy Policy Group (EPG)","civil-society","ROM","Think tank","","",""
"Engie","private-sector","FRA","Entreprise","","",""
"Entel","private-sector","CHL","Entreprise","","",""
"Entrepreneurial Empowerment Initiative","civil-society","NGA","Organisation à but non lucratif","","",""
"Environmental Law Research Institute (ELRI)","civil-society","NGA","Organisation à but non lucratif","","",""
"Equateur","state","ECU","","","",""
"Equatorian Cybersecurity Association (AECI)","civil-society","ECU","Association","","",""
"Ericsson","private-sector","SWE","Entreprise","","",""
"Ernst & Young Romania","private-sector","ROM","Entreprise","","",""
"ESTsecurity","private-sector","KOR","Entreprise","","",""
"ESAN University","civil-society","PER","Université","","",""
"ESET","private-sector","SVK","Entreprise","","",""
"Espagne","state","ESP","UE","","",""
"Estonie","state","EST","UE","","",""
"ESTRATEGIA JURIDICA","private-sector","COL","","https://www.estrategiajuridica.co","@Estrategiajuridica","2019-11-13"
"ETNO","civil-society","BEL","Organisation à but non lucratif","","",""
"Eurodiagnosis","private-sector","GRC","Entreprise","","",""
"EuropaNova","civil-society","FRA","Association","","",""
"European Banking Federation (EBF)","private-sector","BEL","Association professionnelle ","","",""
"European Company Lawyers Association (ECLA)","private-sector","BEL","","https://ecla.eu","eclacontact","2019-12-05"
"European Cyber Security Organisation (ECSO)","civil-society","BEL","Organisation à but non lucratif","","",""
"European Emergency Number Association (EENA)","civil-society","BEL","Association","","",""
"European Union Institute for Security Studies (EUISS)","public-authority","FRA","Agence","","",""
"Europol","public-authority","NLD","Agence","","",""
"ewz","private-sector","CHE","Entreprise","","",""
"Exclusive Networks","private-sector","NLD","Entreprise","","",""
"Exeltek Consulting Group","private-sector","USA","Entreprise","","",""
"EY Hungary","private-sector","HUN","Entreprise","","",""
"Eyeo","private-sector","DEU","Entreprise","","",""
"F27 AD","private-sector","BGR","Entreprise","","",""
"F-Secure","private-sector","FIN","Entreprise","","",""
"Facebook","private-sector","USA","Entreprise","","",""
"Fanem","private-sector","BRA","","https://www.fanem.com.br/","https://twitter.com/fanembr","2020-02-18"
"FASIS Consulting","private-sector","FRA","Entreprise","","",""
"Fastly","private-sector","USA","Entreprise","","",""
"FATE Foundation","civil-society","NGA","Organisation à but non lucratif","","",""
"Federación Iberoamericana de Asociaciones de Derecho e Informática, A.C.","civil-society","URY","Fédération","","",""
"Fédération des Industries Electriques, Electroniques et de Communication (FIEEC)","private-sector","FRA","Association professionnelle ","","",""
"Fédération Européenne des Associations de Risk Management (FERMA)","private-sector","BEL","Association professionnelle ","","",""
"Fédération Française de l'Assurance (FFA)","private-sector","FRA","Association professionnelle ","","",""
"Federation of Indian Chambers of Commerce & Industry (FICCI)","private-sector","IND","Chambre de commerce","","",""
"Federation of Small Businesses (FSB)","private-sector","GBR","Association professionnelle ","","",""
"Fedil","private-sector","LUX","Association professionnelle ","","",""
"FEV Group","private-sector","DEU","Entreprise","","",""
"Fide Foundation","civil-society","ESP","Think tank","","",""
"Fidelis Consulting","private-sector","BEL","","","@PascaleBrien","2019-11-14"
"Finabel - European Army Interoperability Center","civil-society","BEL","Organisation internationale","","",""
"Finlande","state","FIN","UE","","",""
"Finnish Information Security Cluster","private-sector","FIN","Association professionnelle ","","",""
"FireEye","private-sector","USA","Entreprise","","",""
"FIT","private-sector","IRL","Association professionnelle ","","",""
"Focus2Comply","private-sector","PRT","Entreprise","","",""
"Foley Hoag, LLP","private-sector","USA","Entreprise","","",""
"Fondation pour la Recherche Stratégique (FRS)","civil-society","FRA","Fondation ","","",""
"Fondation SGH – Institut de recherche Cybermonde","civil-society","CHE","Fondation ","","",""
"Fondazione Bruno Kessler","civil-society","ITA","Centre de recherche","","",""
"Fondazione Mondo Digitale","civil-society","ITA","Think tank","","",""
"FoodForward SA","private-sector","ZAF","Entreprise","","",""
"Fortinet","private-sector","USA","Entreprise","","",""
"Forum for African Women Educationalists (FAWE)","civil-society","KEN","Association","","",""
"Forum International de la Cybersécurité – FIC 2019","civil-society","FRA","Forum","","",""
"Fórum Nacional Contra a Pirataria (FNCP)","civil-society","BRA","Association","","",""
"Found.ation","private-sector","GRC","Entreprise","","",""
"Foundation For Moral Value Reorientation","civil-society","NGA","Fondation ","","",""
"Foundation for the Prevention of Cybercrime (FPC)","civil-society","POL","Fondation ","","",""
"Foxid","private-sector","ESP","","http://foxid.eu","@FOXid_","2020-04-13"
"Fractal Industries","private-sector","USA","Entreprise","","",""
"France","state","FRA","UE","","",""
"French American Foundation","civil-society","FRA","Fondation ","","",""
"Fujitsu","private-sector","JPN","Entreprise","","",""
"Fundación 29 de Febrero","civil-society","ESP","Fondation ","","",""
"Fundación Datos Protegidos","civil-society","CHL","Fondation ","","",""
"Fundación Teletón México","civil-society","MEX","","","",""
"Fundatia EOS Romania","civil-society","ROM","Fondation ","","",""
"FUNDETIC BOLIVIA","civil-society","BOL","Fondation ","","",""
"G Data","private-sector","DEU","Entreprise","","",""
"Gabon","state","GAB","","","",""
"Galp Energia","private-sector","PRT","Entreprise","","",""
"Garnault & Associés","private-sector","FRA","Entreprise","","",""
"Gatewatcher","private-sector","FRA","Entreprise","","",""
"Gauba Recording Studio","private-sector","USA","Entreprise","","",""
"Gemalto","private-sector","FRA","Entreprise","","",""
"GEODE (Université Paris 8)","civil-society","FRA","Centre de recherche","","",""
"German Marshall Fund of the United States","civil-society","USA","Think tank","","",""
"Get Safe Online","private-sector","GBR","Entreprise","","",""
"Gfi Informatique","private-sector","FRA","Entreprise","","",""
"Ghana Tech Lab","civil-society","GHA","Organisation à but non lucratif","","",""
"GICAT","private-sector","FRA","Association professionnelle ","","",""
"Gigamon","private-sector","USA","Entreprise","","",""
"GIMELEC","private-sector","FRA","Association professionnelle ","","",""
"GISA - Georgian Information Security Association","civil-society","GEO","","https://www.gisa.ge","","2020-09-11"
"GitHub","private-sector","USA","Entreprise","","",""
"Gitlab","private-sector","USA","Entreprise","","",""
"GlobSec","civil-society","SVK","Think tank","","",""
"Global Commission on the Stability of Cyberspace (GCSC)","civil-society","NLD","ONG","","",""
"Global Cyber Alliance","private-sector","USA","Entreprise","","",""
"GlobalCyberSec","private-sector","MEX","Entreprise","","",""
"Globals Inc.","private-sector","IND","Entreprise","","",""
"Globant","private-sector","ARG","Entreprise","","",""
"Goethe Schule Buenos Aires - Asociación Escolar Goethe","civil-society","ARG","Ecole","","",""
"Good info","private-sector","FRA","","https://HTTPS ://www.goodinfo.eu","@patriceremeur","2019-11-20"
"Google","private-sector","USA","Entreprise","","",""
"Grab Taxi","private-sector","SGP","Entreprise","","",""
"Grayteq Security Solutions","private-sector","HUN","","https://www.grayteq.com","@GrayteqDLP","2019-11-19"
"Grèce","state","GRC","UE","","",""
"Greenbone","private-sector","DEU","Entreprise","","",""
"Greenlight Business Support","private-sector","NGA","Entreprise","","",""
"Greet for Cause Foundation","civil-society","PAK","Fondation ","","",""
"Grenoble Alpes CyberSecurity Institute","civil-society","FRA","Centre de recherche","","",""
"GREYCORTEX","private-sector","CZE","Entreprise","","",""
"Group-IB","private-sector","RUS","Entreprise","","",""
"Groupement Professionnel des Métiers de la Sécurité Electronique (GPMSE)","private-sector","FRA","Association professionnelle ","","",""
"Grupo Bancolombia","private-sector","COL","Entreprise","","",""
"Grupo Fleury","private-sector","BRA","","https://www.fleury.com.br/","","2020-12-07"
"Grupo Medical","private-sector","CHL","Entreprise","","",""
"Grupo Sancor Seguros","private-sector","ARG","","","",""
"Grupo Universal","private-sector","DOM","","","",""
"Guardtime","private-sector","EST","Entreprise","","",""
"Guatemala","state","GTM","","","","2019-11-12"
"Guatemalan Observatory of Informatic Crimes - OGDI","civil-society","GTM","","http://www.ogdi.org","https://twitter.com/jrleonett","2019-11-19"
"Guinée","state","GIN","","","","2019-11-19"
"Haan","private-sector","KOR","Entreprise","","",""
"Habitat Derneği (Habitat Association)","civil-society","TUR","Organisation à but non lucratif","","",""
"HACEY Health Initiative","civil-society","NGA","Organisation à but non lucratif","","",""
"Hacktivity Kft.","private-sector","HUN","","https://hacktivity.com","https://twitter.com/hacktivityconf","2019-11-25"
"Haiti Cyber Con Corporation","civil-society","HTI","Organisation à but non lucratif","","",""
"Handshakes","private-sector","SGP","Entreprise","","",""
"Hanover Communications","private-sector","IRL","Entreprise","","",""
"Harambee Youth Employment Accelerator","civil-society","ZAF","Organisation à but non lucratif","","",""
"Havel & Partners","private-sector","CZE","Entreprise","","",""
"Health Innovation Hub Ireland","civil-society","IRL","","https://www.hih.ie","@hihireland","2020-12-08"
"Hellenic Association for Data Protection and Privacy","civil-society","GRC","","https://www.dataprotection.gr","HADPP1","2019-11-18"
"Hidden Clouders","private-sector","MAR","","https://www.hiddenclouders.com","#hiddenclouders","2019-11-14"
"HILLBRIDGES","private-sector","SVK","Entreprise","","",""
"Hiperderecho","civil-society","PER","ONG","","",""
"Hitachi","private-sector","JPN","Entreprise","","",""
"HIVSA","civil-society","ZAF","Organisation à but non lucratif","","",""
"Hongrie","state","HUN","UE","","",""
"HOPE Foundation","civil-society","IND","Fondation ","","",""
"Hospital La Florida","private-sector","CHL","","","",""
"Hospital Santiago Oriente","private-sector","CHL","","","",""
"Hospital Sirio-Libanes","private-sector","BRA","","","",""
"HP Inc","private-sector","USA","Entreprise","","",""
"HPE","private-sector","USA","Entreprise","","",""
"HSE","public-authority","IRL","","","",""
"Https Card - Internet Identity Card","private-sector","GBR","Entreprise","","",""
"Huawei","private-sector","CHN","Entreprise","","",""
"Hubba Thailand","private-sector","THA","Entreprise","","",""
"Huilgol Law Chambers","private-sector","IND","Entreprise","","",""
"Hungarian Voluntary Cyber Defence Collaboration (KIBEV)","civil-society","HUN","Association","","",""
"HyperAspect","private-sector","BGR","Entreprise","","",""
"iDavinci Imagina","private-sector","ESP","Entreprise","","",""
"IDnomic","private-sector","FRA","Entreprise","","",""
"iLabs Technologies b.v.","private-sector","NLD","Entreprise","","",""
"iRespond Global","civil-society","USA","ONG","","",""
"Ibec","private-sector","IRL","Association professionnelle ","","",""
"IBM","private-sector","USA","Entreprise","","",""
"ICODE GH","private-sector","GHA","Entreprise","","",""
"ICON","civil-society","CHE","ONG","","",""
"ICT4Peace","civil-society","CHE","Fondation ","","",""
"ICTLuxembourg","private-sector","LUX","Association professionnelle ","","",""
"ICT Switzerland","private-sector","CHE","Association professionnelle ","","",""
"IDC-softwarehouse, s.r.o.","private-sector","CZE","Entreprise","","",""
"Igarapé Institute","civil-society","BRA","Think tank","","",""
"Ijebu Development Initiative on Poverty Reduction","civil-society","NGA","Organisation à but non lucratif","","",""
"Ikigai Law","private-sector","IND","Entreprise","","",""
"IKT-Norge","private-sector","NOR","Association professionnelle ","","",""
"IMAN Research","civil-society","MYS","Centre de recherche","","",""
"IMPENDO Inc.","private-sector","CAN","Entreprise","","",""
"Imperva","private-sector","USA","Entreprise","","",""
"Implant Compare","private-sector","USA","Entreprise","","",""
"INACO","civil-society","ROM","Organisation à but non lucratif","","",""
"Indecon","private-sector","IRL","Entreprise","","",""
"Indian Infosec Consortium","civil-society","IND","Centre de recherche","","",""
"Indian School of Development Management","civil-society","IND","Université","","",""
"Indiana University","civil-society","USA","Université","","",""
"Indonesia Cyber Security Forum (ICSF)","civil-society","IDN","Forum","","",""
"Indonesian Corporate Counsel Association (ICAA)","private-sector","IDN","Association professionnelle ","","",""
"Indra Minsait","private-sector","ESP","Entreprise","","",""
"IndusLaw","private-sector","IND","Entreprise","","",""
"Infineon Technologies AG","private-sector","DEU","Entreprise","","",""
"Infinitum Humanitarian Systems","private-sector","USA","Entreprise","","",""
"Informatica Security Corporation","private-sector","CAN","Entreprise","","",""
"Information and Communication Technologies Chamber of Costa Rica (CAMTIC)","private-sector","CRI","Association professionnelle ","","",""
"Information & Computer Technologies Industry Association (APKIT)","private-sector","RUS","Association professionnelle ","","",""
"Information Technology Industry Council (ITI)","private-sector","USA","Association professionnelle ","","",""
"ING Group","private-sector","NLD","Entreprise","","",""
"Initiative for Information Technology Capacity Building (I4ITCB)","civil-society","NGA","Association","","",""
"Initiative For National Growth Africa","civil-society","NGA","Organisation à but non lucratif","","",""
"INSOMEA COMPUTER SOLUTIONS","private-sector","TUN","Entreprise","","",""
"Institute for Accountability in the Digital Age","civil-society","NLD","Organisation à but non lucratif","","",""
"Institute for Economics and Peace","civil-society","AUS","Think tank","","",""
"Institute for Privacy Law, Data Protection and Technology of the European Public Law Organization","civil-society","GRC","Centre de recherche","","",""
"Institute for Reporters' Freedom and Safety(IRFS)","civil-society","AZE","ONG","","",""
"Institute of International and European Affairs","private-sector","IRL","Association professionnelle ","","",""
"Instituto de Ciberseguridad","private-sector","MEX","","https://www.iciberseguridad.io","https://twitter.com/InstitutoCSIO","2020-04-24"
"Instituto Mexicano para la Competitividad A.C.","civil-society","MEX","Think tank","","",""
"Instituto Mexicano para la Competitividad (IMCO)","private-sector","MEX","Association professionnelle ","","",""
"Instituto Nacional de Ciberseguridad MX","public-authority","MEX","Organisme public","","",""
"Instituto Tecnológico de Monterrey","civil-society","MEX","Université","","",""
"INTECPRO","civil-society","PER","Organisation à but non lucratif","","",""
"Integrity Partners","private-sector","POL","Entreprise","","",""
"Intel Corporation","private-sector","USA","Entreprise","","",""
"Intensity Analytics Corporation","private-sector","USA","Entreprise","","",""
"InterAgency Institute","civil-society","MLT","","","",""
"Interbank","private-sector","PER","Entreprise","","",""
"INTERNA Co, spol. s r.o.","civil-society","CZE","","https://www.nemocnice-bubenec.cz/","no","2020-12-10"
"International Centre for Defence and Security","civil-society","EST","Think tank","","",""
"International Chamber of Commerce México (ICC MÉXICO)","private-sector","MEX","Chambre de commerce","","",""
"International Civil Society Action Network","civil-society","USA","ONG","","",""
"International Consolidated Airlines Group S.A","private-sector","GBR","Entreprise","","",""
"International Foundation for Electoral Systems (IFES)","civil-society","USA","Organisation à but non lucratif","","",""
"International Republican Institute","civil-society","USA","Organisation à but non lucratif","","",""
"International Security Department, Chatham House","private-sector","GBR","Entreprise","","",""
"Internet and Mobile Association of India","private-sector","IND","Association professionnelle ","","",""
"Internet Association","private-sector","USA","Association professionnelle ","","",""
"Internet Association of Kazakhstan","civil-society","KAZ","ONG","","",""
"Internet Freedom Foundation","civil-society","IND","Fondation ","","",""
"Internet Governance Lab at American University","civil-society","USA","Université","","",""
"Internet Service Providers Austria (ISPA)","private-sector","AUT","Association professionnelle ","","",""
"Internet & the just Society","civil-society","DEU","","https://www.internetjustsociety.org","","2020-04-19"
"Internetwork Service LLC","private-sector","USA","Entreprise","","",""
"Interpharma","private-sector","CHE","Association professionnelle ","","",""
"Intuit","private-sector","USA","Entreprise","","",""
"Invitech ICT Services Ltd.","private-sector","HUN","Entreprise","","",""
"IPChain Association","private-sector","RUS","Entreprise","","",""
"IPANDETEC - Central America","civil-society","PAN","ONG","","",""
"Irlande","state","IRL","UE","","",""
"Islande","state","ISL","","","",""
"isolutions ag","private-sector","CHE","","https://www.isolutions.ch/","https://twitter.com/isolutionsag","2019-11-20"
"ISSA France Security Tuesday","private-sector","FRA","Entreprise","","",""
"Istituto Affari Internazionali (IAI)","civil-society","ITA","Think tank","","",""
"Istituto Italiano per la Privacy e la Valorizzazione dei Dati","civil-society","ITA","Think tank","","",""
"it@cork","civil-society","IRL","Organisation à but non lucratif","","",""
"IT Law Institute at Istanbul Bilgi University","civil-society","TUR","Université","","",""
"ITA","civil-society","PAK","Fondation ","","",""
"Italie","state","ITA","UE","","",""
"ITBN CONF-EXPO","private-sector","HUN","Association professionnelle ","","",""
"ITS Rio","private-sector","BRA","Entreprise","","",""
"IVADO","civil-society","CAN","Centre de recherche","","",""
"J. Sagar Associates, Advocates & Solicitors","private-sector","IND","Entreprise","","",""
"James 1:27 Trust","civil-society","ZAF","Organisation à but non lucratif","","",""
"Japan Cybersecurity Innovation Committee","civil-society","JPN","Think tank","","",""
"Japon","state","JPN","","","",""
"JK Lakshmipat University","civil-society","IND","Université","","",""
"JP SA COUTO","private-sector","PRT","","","","2020-01-03"
"Juniper Networks","private-sector","USA","Entreprise","","",""
"K&S Partners","private-sector","IND","Entreprise","","",""
"Karnataka Centre of Excellence of Cybersecurity","public-authority","IND","Centre d'excellence","","",""
"Kaspersky Lab","private-sector","RUS","Entreprise","","",""
"Keidanren","private-sector","JPN","","https://www.keidanren.or.jp/","","2019-11-20"
"Kerubiel","private-sector","HUN","Entreprise","","",""
"Kettani Digital Consulting","private-sector","MAR","Entreprise","","",""
"Khaitan & Co. LLP","private-sector","IND","Entreprise","","",""
"Kindle Gate Foundation","civil-society","NGA","Association","","",""
"KL Partners","private-sector","KOR","Entreprise","","",""
"KMVS, advokátní kancelář, s.r.o.","private-sector","CZE","Entreprise","","",""
"Knowledge Economy Forum (KEF)","civil-society","LTU","Organisation à but non lucratif","","",""
"Koan Advisory Group","private-sector","IND","Entreprise","","",""
"Kodluyoruz","civil-society","TUR","Organisation à but non lucratif","","",""
"KONE Corporation","private-sector","FIN","Entreprise","","",""
"Konecranes Plc","private-sector","FIN","Entreprise","","",""
"Konfederacja Lewiatan","civil-society","POL","Organisation à but non lucratif","","",""
"Koolspan","private-sector","USA","Entreprise","","",""
"Korea Association of Cloud Industy (KACI)","private-sector","KOR","Association professionnelle ","","",""
"Korea CPO Forum","civil-society","KOR","","","",""
"Korean Association for Artificial Intelligence and Law (KAAIL)","civil-society","KOR","","","",""
"KOTA (KOREA TV Home Shopping Association)","private-sector","KOR","Association professionnelle ","","",""
"Koweït","state","KWT","","","",""
"KPN","private-sector","NLD","Entreprise","","",""
"KT (Korea Telecom)","private-sector","KOR","Entreprise","","","2019-11-12"
"La Asociación Colombiana de Editoras de Música - ACODEM","private-sector","COL","Association professionnelle ","","",""
"Lagos State University","civil-society","NGA","Université","","",""
"Lamda Hellix","private-sector","GRC","Entreprise","","",""
"Latin America and Caribbean Network Information Center (LACNIC)","civil-society","URY","Organisation à but non lucratif","","",""
"Latvia State radio and television center (LVRTC)","public-authority","LVA","Opérateur","","",""
"Latvian Information and Communications Technology Association (LIKTA)","private-sector","LVA","Association professionnelle ","","",""
"Laurea University of Applied Sciences","civil-society","FIN","Université","","",""
"LawTech Malaysia","private-sector","MYS","Entreprise","","",""
"LEADx Change","civil-society","USA","Organisation à but non lucratif","","",""
"Learning Links Foundation (LLF)","civil-society","IND","Fondation ","","",""
"LEAUA DAMCALI DEACONU PAUBESCU - LDDP Attorneys & Counselors","private-sector","ROM","Entreprise","","",""
"Legrand Group","private-sector","FRA","Entreprise","","",""
"Lettonie","state","LVA","UE","","",""
"Liban","state","LBN","","","",""
"Liceul Atanasie Marienescu","","ROM","","http://www.lamlipova.ro/","We do not have a Twitter account yet.","2020-11-25"
"Liechtenstein","state","LIE","","","",""
"Liga Contra el Cáncer","civil-society","PER","","","",""
"Lima Chamber of Commerce in Peru","private-sector","PER","Chambre de commerce","","",""
"LINKBYNET","private-sector","FRA","Entreprise","","",""
"Linkedin","private-sector","USA","Entreprise","","",""
"Liquid Telecom","private-sector","GBR","Entreprise","","",""
"Lirex","private-sector","BGR","Entreprise","","",""
"Lituanie","state","LTU","UE","","",""
"LLOREDA CAMACHO & CO.","private-sector","COL","Entreprise","","",""
"LLYC","private-sector","ESP","","https://www.llorenteycuenca.com","@LlorenteyCuenca","2019-11-27"
"LOAD","private-sector","DEU","Entreprise","","",""
"LogSentinel","private-sector","NLD","Entreprise","","",""
"LU-CIX ASBL","civil-society","LUX","Organisation à but non lucratif","","",""
"Lufthansa Group","private-sector","DEU","Entreprise","","",""
"LUISS University","civil-society","ITA","université","","",""
"Luxembourg","state","LUX","UE","","",""
"M'Ready","private-sector","MEX","Entreprise","","",""
"Macédoine du Nord","state","MKD","","","",""
"Mademoiselle Foundation","civil-society","NGA","Organisation à but non lucratif","","",""
"Mailo / Mail Object","private-sector","FRA","Entreprise","","",""
"MAIT (Manufacturers Association for Information Technology)","private-sector","IND","Association professionnelle ","","",""
"MAJESTY BUSINESS UTVIKLING","private-sector","NOR","Entreprise","","",""
"Malte","state","MLT","UE","","",""
"Mamo TCV Advocates","private-sector","MLT","Entreprise","","",""
"Manchester International Law Center (MILC)","civil-society","GBR","Université","","",""
"Manushya Foundation","civil-society","THA","Fondation ","","",""
"Maroc","state","MAR","","","",""
"Marsh & McLennan Companies","private-sector","USA","Entreprise","","",""
"Mastercard","private-sector","USA","Entreprise","","",""
"Match Group","private-sector","USA","Association professionnelle ","","",""
"Maurice","state","MUS","","","",""
"Mauritanie","state","MRT","","","","2019-12-23"
"McCoy Information Sytems, Inc","private-sector","USA","Entreprise","","",""
"McKinsey & Company","private-sector","USA","Entreprise","","",""
"McAfee","private-sector","USA","Entreprise","","",""
"MCCANNPR","private-sector","ROM","Entreprise","","",""
"MEDEF","private-sector","FRA","Association professionnelle ","","",""
"Media Institute of Southern Africa (Zimbabwe Chapter)","civil-society","ZWE","Organisation à but non lucratif","","",""
"MediaNama","private-sector","IND","Entreprise","","",""
"Mediapro","private-sector","ESP","Entreprise","","",""
"Medibloc Co., Ltd","private-sector","KOR","","","",""
"Medical IT Advisors","private-sector","NZL","","","",""
"Medical Research Information Center (MedRIC)","civil-society","KOR","université","","",""
"MedInnoScan","private-sector","HUN","","","",""
"Mentec Foundation","civil-society","ZAF","Organisation à but non lucratif","","",""
"Mercado Libre","private-sector","ARG","Entreprise","","",""
"Mercari, Inc.","private-sector","JPN","Entreprise","","",""
"MERCY Malaysia","civil-society","MYS","ONG","","",""
"Mereka","private-sector","MYS","Entreprise","","",""
"Métropole européenne de Lille (MEL)","public-authority","FRA","","","","2020-01-31"
"Mexican Chamber for the Electronics, Telecommunications and Information Technologies Industries","private-sector","MEX","Association professionnelle ","","",""
"Mexique","state","MEX","","","",""
"Microdata","private-sector","MAR","Entreprise","","",""
"Microsec Ltd.","private-sector","HUN","Entreprise","","",""
"Microsoft","private-sector","USA","Entreprise","","",""
"Middlebury Institute of International Studies at Monterey","civil-society","USA","Université","","",""
"Migros","private-sector","CHE","Entreprise","","",""
"Mindanao Peacebuilding Institute","civil-society","PHL","","https://mpiasia.net/","@MPIAsia","2020-03-20"
"MINDSMITH","civil-society","RUS","Think tank","","",""
"Mindtree","private-sector","USA","Entreprise","","",""
"Misr El Kheir Foundation","civil-society","EGY","Organisation à but non lucratif","","",""
"Moldavie","state","MDA","","","",""
"Monaco","state","MCO","","","",""
"MoneyMatch Sdn. Bhd","private-sector","MYS","Entreprise","","",""
"Mongolie","state","MNG","","","",""
"Monténégro","state","MTG","","","",""
"Mortoff Group Kft.","private-sector","HUN","Entreprise","","",""
"Movilizatorio","civil-society","COL","Association","","",""
"MSC","private-sector","CHE","Entreprise","","",""
"MSC Cruises","private-sector","CHE","Entreprise","","",""
"MSD","private-sector","USA","","https://www.msd.com/","NA","2020-12-08"
"Mujeres Tech","civil-society","ESP","ONG","","",""
"Munich Security Conference","civil-society","DEU","Forum","","",""
"Mutual de Seguridad CChC","private-sector","CHL","","","",""
"Na Homolce Hospital","public-authority","CZE","","","",""
"Nameshield","private-sector","FRA","Entreprise","","",""
"NASSCOM Foundation","civil-society","IND","Organisation à but non lucratif","","",""
"National Association of Data Protection Officers of the Philippines (NADPOP)","civil-society","PHL","Organisation à but non lucratif","","",""
"National Association of the Deaf (NAD)","civil-society","IND","Association","","",""
"National Centre for Promotion of Employment for Disabled People","civil-society","IND","Organisation à but non lucratif","","",""
"National Council for Child and Youth Development","civil-society","THA","Organisation à but non lucratif","","",""
"National Council for the Blind, Malaysia (NCBM)","civil-society","MYS","Organisation à but non lucratif","","",""
"National Democratic Institute","civil-society","USA","Think tank","","",""
"National health information center","public-authority","SVK","","http://www.nczisk.sk","NCZI","2020-12-08"
"National Law University Delhi","civil-society","IND","Université","","",""
"National Taiwan University Hospital","public-authority","TWN","","","",""
"National Torax Institute","private-sector","CHL","","","",""
"NAVER Corporation","private-sector","KOR","Entreprise","","",""
"NDRC","private-sector","IRL","Entreprise","","",""
"NEC","private-sector","JPN","","https://www.nec.com/","@NEC_jp_pr, @NEC_corp","2019-12-17"
"Nelson Wilians","private-sector","BRA","","","","2020-01-24"
"Nemocnice Vrchlabí, s.r.o.","private-sector","CZE","","https://www.nemocnicevrchlabi.cz/","no","2020-12-10"
"NEMOS AMBULANCE s.r.o.","civil-society","CZE","","http://www.nemosambulance.cz/","no","2020-12-10"
"NEMOS PLUS s.r.o.","civil-society","CZE","","http://www.nemostrov.cz/","no","2020-12-10"
"NEMOS SOKOLOV s.r.o.","civil-society","CZE","","http://www.nemosok.cz/","no","2020-12-10"
"Nestlé","private-sector","CHE","Entreprise","","",""
"Netheos","private-sector","FRA","Entreprise","","",""
"Netox Ltd.","private-sector","FIN","Entreprise","","",""
"New Strategy Center","civil-society","ROM","","","",""
"NewsGuard","private-sector","USA","Entreprise","","",""
"Nextsense","private-sector","MKD","Entreprise","","",""
"NGL Wiater sp.k. (NGL Legal)","private-sector","POL","Entreprise","","",""
"Nielsen","private-sector","USA","Entreprise","","",""
"NIIT Foundation","civil-society","IND","Organisation à but non lucratif","","",""
"Nipman Foundation","civil-society","IND","Fondation ","","",""
"NN Group N.V.","private-sector","NLD","Entreprise","","",""
"NOESIS","private-sector","PRT","Entreprise","","",""
"Nokia","private-sector","FIN","Entreprise","","",""
"Nominet","civil-society","GBR","Organisation à but non lucratif","","",""
"Northwave","private-sector","NLD","Entreprise","","",""
"Norvège","state","NOR","","","",""
"Nouvelle-Zélande","state","NZL","","","",""
"Novoville","private-sector","GRC","Entreprise","","",""
"Novsiac Expression","civil-society","GHA","Association","","",""
"NPA Conseil","private-sector","FRA","","","","2020-03-23"
"NRD cybersecurity company","private-sector","LTU","Entreprise","","",""
"Nuclear Threat Initiative","civil-society","USA","ONG","","",""
"Number Resource Organization (NRO)","civil-society","","Association","","",""
"NumerSpiral – HBG Soluções Informáticas Unip., Lda.","private-sector","PRT","Entreprise","","",""
"NXP","private-sector","NLD","Entreprise","","",""
"Observantiae","private-sector","FRA","Entreprise","","",""
"Observer Research Foundation","civil-society","IND","Think tank","","",""
"OneSpan","private-sector","USA","Entreprise","","",""
"Oort Media Group","private-sector","COL","Entreprise","","",""
"Open Blockchain Industry Association (OBCIA)","private-sector","KOR","Association professionnelle ","","",""
"Open Consent","private-sector","CAN","Entreprise","","",""
"Open Net Korea","civil-society","KOR","ONG","","",""
"Open Systems AG","private-sector","CHE","Entreprise","","",""
"OPSEC CYBER CONSULTING SA DE CV","private-sector","MEX","Entreprise","","",""
"OPSWAT","private-sector","USA","Entreprise","","",""
"Optus Macquarie University Cyber Security Hub","civil-society","AUS","Centre de recherche","","",""
"Oracle","private-sector","USA","Entreprise","","",""
"Orange","private-sector","FRA","Entreprise","","",""
"Orange Cyberdefense","private-sector","FRA","Entreprise","","",""
"ORT SA","civil-society","ZAF","Fondation ","","",""
"Ouzbékistan","state","UZB","","","",""
"Ovidius university","civil-society","ROM","université","","",""
"P.E.A.C.E. Foundation Trust","civil-society","ZAF","Fondation ","","",""
"Packet Clearing House","private-sector","USA","Entreprise","","",""
"Pais Digital","civil-society","CHL","Fondation ","","",""
"PALACIO ABOGADOS ASOCIADOS","private-sector","COL","Entreprise","","",""
"Palo Alto Networks","private-sector","USA","Entreprise","","",""
"Panama","state","PAN","","","",""
"Panasonic","private-sector","JPN","Entreprise","","",""
"Panda Security","private-sector","ESP","Entreprise","","",""
"Papouasie-Nouvelle Guinée","state","PNG","","","",""
"Paraguay","state","PRY","","","","2020-02-11"
"Partnership For Global Security","civil-society","USA","Centre de recherche","","",""
"Partnerships for Prosperity (PPP)","civil-society","SVK","Organisation à but non lucratif","","",""
"Passerelles numériques","civil-society","KHM","Organisation à but non lucratif","","",""
"Path2Health","civil-society","THA","Fondation ","","",""
"Pax8","private-sector","USA","Entreprise","","",""
"Payatu Technologies Pvt Ltd","private-sector","IND","Entreprise","","",""
"Pays-Bas","state","NLD","UE","","",""
"Pegasus Research Foundation","civil-society","USA","","https://www.ncip.tech/","","2019-11-15"
"Penta Hospitals CZ","private-sector","CZE","","","",""
"Penta Hospitals International","private-sector","SVK","","","",""
"Pérou","state","PER","","","",""
"PERSATUAN GURU STEM MALAYSIA","civil-society","MYS","Association","","",""
"PERÚ CIBERSEGURO","civil-society","PER","Organisation à but non lucratif","","",""
"Phambano Technology Development Centre NPC","civil-society","ZAF","Organisation à but non lucratif","","",""
"Philippines","state","PHL","","","",""
"PIERSTONE s.r.o., advokátní kancelář","private-sector","CZE","Entreprise","","",""
"Plaksha University","civil-society","IND","Université","","",""
"Plunge Smile Foundation","civil-society","NGA","Fondation ","","",""
"Pôle d'Excellence Cyber","civil-society","FRA","","","",""
"Pôle de compétitivité mondial Solutions Communicantes Sécurisées (SCS)","private-sector","FRA","Association professionnelle ","","",""
"Polish Hospital Federation","private-sector","POL","Association professionnelle ","","",""
"Polityka Insight","private-sector","POL","Entreprise","","",""
"Pologne","state","POL","UE","","",""
"Pontifical Academy for Life","civil-society","VAT","Académie","","",""
"Portugal","state","PRT","UE","","",""
"POST Cyberforce","private-sector","LUX","Entreprise","","",""
"Predica","private-sector","POL","Entreprise","","",""
"Preston Development Foundation","civil-society","NGA","Fondation ","","",""
"Privacy Academy","private-sector","BRA","","https://www.privacyacademy.com.br","AcademyPrivacy","2019-11-28"
"Privacy Thailand","private-sector","THA","Entreprise","","",""
"ProCare, a.s.","private-sector","SVK","","","",""
"Professional Options","private-sector","USA","Entreprise","","",""
"Promusica","civil-society","COL","Association","","",""
"ProtectHut","private-sector","POL","Entreprise","","",""
"Provision IT group","private-sector","ROM","Entreprise","","",""
"PROXIMUS Luxembourg S.A.","private-sector","LUX","Entreprise","","",""
"Public Knowledge","civil-society","USA","Fondation ","","",""
"Puresouls Learning Foundation","civil-society","NGA","Fondation ","","",""
"PwC","private-sector","GBR","Entreprise","","",""
"PwC Norway","private-sector","NOR","Entreprise","","",""
"Q4 Public Relations","private-sector","IRL","Entreprise","","",""
"Qatar","state","QAT","","","",""
"Quad9","civil-society","USA","Organisation à but non lucratif","","",""
"Qui Prior Law Associates","private-sector","IND","Entreprise","","",""
"QWANT","private-sector","FRA","Entreprise","","",""
"Rafturi Logistic SRL","private-sector","ROM","Entreprise","","",""
"Raiffeisen Switzerland","private-sector","CHE","Entreprise","","",""
"Rakuten, Inc","private-sector","JPN","Entreprise","","","2019-11-12"
"READ Foundation","civil-society","PAK","Organisation à but non lucratif","","",""
"Red Alert Labs","private-sector","FRA","Entreprise","","",""
"Redes Energéticas Nacionais (REN)","private-sector","PRT","Entreprise","","",""
"Redmond","public-authority","USA","Collectivité locale","","",""
"Region of Central Macedonia","public-authority","GRC","Collectivité locale","","",""
"Regionalne Centrum Zdrowia","private-sector","POL","","","",""
"Renaissance Numérique","civil-society","FRA","Think tank","","",""
"République centrafricaine","state","CAF","","","","2019-11-12"
"République dominicaine","state","DOM","","","",""
"République tchèque","state","CZE","UE","","",""
"Research Group in Strategic Studies and International Contemporary Politics - GEPPIC","civil-society","BRA","","","",""
"Réseau intégré sur la cybersécurité (SERENE-RISC)","civil-society","CAN","Centre de recherche ","","",""
"Reset Global People","private-sector","GHA","Entreprise","","",""
"Riga Graduate School of Law","civil-society","LVA","Université","","",""
"RIMAC Seguros","private-sector","PER","","","",""
"Risley Advisors","private-sector","USA","Entreprise","","",""
"roboGaze","private-sector","HUN","Entreprise","","",""
"Rockwell Automation","private-sector","USA","Entreprise","","",""
"Rohde & Schwarz Cybersecurity","private-sector","FRA","Entreprise","","",""
"Rohingya Project","civil-society","MYS","Association","","",""
"Roumanie","state","ROM","UE","","",""
"Royaume-Uni","state","GBR","UE","","",""
"RPHS Law","private-sector","","Entreprise","","",""
"RSA","private-sector","USA","Entreprise","","",""
"S&D Magazine","private-sector","FRA","Entreprise","","",""
"SafeCity","private-sector","NLD","","https://callfortrust.online","@callfortrust","2020-12-04"
"SaferNet Brazil","civil-society","BRA","ONG","","",""
"Safetica Technologies s.r.o.","private-sector","CZE","Entreprise","","",""
"Safran group","private-sector","FRA","Entreprise","","",""
"Saikrishna & Associates, Advocates","private-sector","IND","Entreprise","","",""
"Saint-Marin","state","SMR","","","",""
"SAKSHI Centre for Information, Education & Communication","civil-society","IND","Organisation à but non lucratif","","",""
"Salesforce","private-sector","USA","Entreprise","","",""
"Salvador","state","SLV","","","",""
"Samsung Electronics","private-sector","KOR","Entreprise","","",""
"Samvad Partners","private-sector","IND","Entreprise","","",""
"San José","public-authority","USA","Collectivité locale","","",""
"SAORA INDUSTRIES","private-sector","MYS","Entreprise","","",""
"SAP","private-sector","USA","Entreprise","","",""
"SaphX Technologies","private-sector","MYS","Entreprise","","",""
"SATS","private-sector","SGP","Entreprise","","",""
"Save the Children Romania","civil-society","ROM","Association","","",""
"Schindler Holding Ltd.","private-sector","CHE","Entreprise","","",""
"Schneider Electric","private-sector","USA","Entreprise","","",""
"SchoolNet SA","civil-society","ZAF","Organisation à but non lucratif","","",""
"Școala de Valori","civil-society","ROM","Fondation ","","",""
"Scytl Secure Electronic Voting, SA","private-sector","ESP","Entreprise","","",""
"Sealar Inc.","private-sector","HUN","","https://www.grayteq.com","@GrayteqDLP","2019-11-19"
"Secucloud","private-sector","DEU","Entreprise","","",""
"Secudit Ltd.","private-sector","HUN","Entreprise","","",""
"SECURITYMADEIN.LU","civil-society","LUX","","","",""
"Securiview","private-sector","FRA","Entreprise","","",""
"SEKOIA","private-sector","FRA","Entreprise","","",""
"Sénégal","state","SEN","","","",""
"Serbie","state","SCG","","","",""
"SEV – Hellenic Federation of Enterprises","private-sector","GRC","Association professionnelle ","","",""
"SGS","private-sector","CHE","Entreprise","","",""
"Shadline","private-sector","FRA","Entreprise","","",""
"Shardul Amarchand Mangaldas & Co","private-sector","IND","Entreprise","","",""
"Sharkawy & Sarhan Law Firm","private-sector","EGY","Entreprise","","",""
"Shinsenryoku, Inc.","private-sector","JPN","Entreprise","","",""
"Shopmeaway","private-sector","SEN","Entreprise","","",""
"Shudun Technology","private-sector","CHN","Entreprise","","",""
"Siemens","private-sector","DEU","Entreprise","","",""
"SigmaSoft SA","private-sector","GRC","Entreprise","","",""
"Silesian Catalysts","private-sector","POL","Entreprise","","",""
"Simbiotik Technologies","private-sector","MYS","Entreprise","","",""
"Simion & Baciu Law Firm","private-sector","ROM","Entreprise","","",""
"Simple Hardware s.r.o","private-sector","CZE","Entreprise","","",""
"Simplon Côte d'Ivoire","private-sector","CIV","Entreprise","","",""
"Singapour","state","SGP","","","",""
"Singtel","private-sector","SGP","Entreprise","","",""
"SIRO","private-sector","IRL","Entreprise","","",""
"SIYAFUNDA CTC - COMMUNITY TECHNOLOGY CENTRE","civil-society","ZAF","Organisation à but non lucratif","","",""
"SK infosec","private-sector","KOR","Entreprise","","",""
"SK&S Legal","private-sector","POL","Entreprise","","",""
"Sky","private-sector","GBR","Entreprise","","",""
"Skyguide","private-sector","CHE","Entreprise","","",""
"Slovaquie","state","SVK","UE","","",""
"Slovénie","state","SVN","UE","","",""
"SMU Centre for AI and Data Governance","civil-society","SGP","Université","","",""
"SoSafe","private-sector","DEU","Entreprise","","",""
"Social & Economic Research Initiative (SERI)","civil-society","MYS","","https://www.seri.my/","@SERI_Malaysia","2020-10-04"
"SocialGood Lagos","civil-society","NGA","Association","","",""
"Social Innovation Foundation","civil-society","THA","Fondation ","","",""
"Social Technology Institute","civil-society","THA","ONG","","",""
"SoftUni","private-sector","BGR","Entreprise","","",""
"SOFTIP","private-sector","SVK","Entreprise","","",""
"Software Legal","private-sector","ARG","Association professionnelle ","","",""
"Sogeti","private-sector","FRA","Entreprise","","",""
"Sonda","private-sector","CHL","Entreprise","","",""
"Sopra Steria","private-sector","FRA","Entreprise","","",""
"SPCSS","private-sector","CZE","Entreprise","","",""
"Special Olympics Indonesia","civil-society","IDN","Organisation à but non lucratif","","",""
"spiderSilk","private-sector","ARE","Entreprise","","",""
"SSH Communications Security Oyj","private-sector","FIN","Entreprise","","",""
"ST DIGITAL","private-sector","CMR","Entreprise","","",""
"StackPath","private-sector","USA","Entreprise","","",""
"State of Colorado","public-authority","USA","Etat fédéré","","",""
"State of São Paulo","public-authority","BRA","","","","2020-01-24"
"Step by Step Center for Education and Professional Development","civil-society","ROM","Association","","",""
"Stiftung Neue Verantwortung","civil-society","DEU","Think tank","","",""
"STORMSHIELD","private-sector","FRA","Entreprise","","",""
"Stratbase ADR Institute","civil-society","PHL","Centre de recherche","","",""
"Strathmore University Law School","civil-society","KEN","Université","","",""
"Stripe","private-sector","USA","Entreprise","","",""
"Strong Connexions","private-sector","USA","Entreprise","","",""
"Stuchlikova & Partners","private-sector","CZE","Entreprise","","",""
"Suède","state","SWE","UE","","",""
"Suisse","state","CHE","","","",""
"Suriname","state","SUR","","","","2019-11-12"
"Swico","private-sector","CHE","Association professionnelle ","","",""
"Swift","private-sector","BEL","Entreprise","","",""
"Swiss Academy of Engineering Sciences SATW","civil-society","CHE","Centre de recherche","","",""
"Swiss Cybersecurity Advisory and Research Group","civil-society","CHE","Centre de recherche","","",""
"Swiss Post Ltd.","private-sector","CHE","Entreprise","","",""
"Swiss Re","private-sector","CHE","Entreprise","","",""
"Swiss Telecommunications Association (asut)","private-sector","CHE","Association professionnelle ","","",""
"Swiss Webacademy","civil-society","CHE","ONG","","",""
"Swisscom","private-sector","CHE","Entreprise","","",""
"Swissmem","private-sector","CHE","Association professionnelle ","","",""
"Symantec Corporation","private-sector","USA","Entreprise","","",""
"Synapse","civil-society","SEN","Organisation à but non lucratif","","",""
"Syntec Numérique","private-sector","FRA","Association professionnelle ","","",""
"T-SOFT","private-sector","CZE","Entreprise","","",""
"TAD GROUP","private-sector","USA","Entreprise","","",""
"Taiwan External Trade Development Council","private-sector","TWN","","","",""
"Talk-A-Bot","private-sector","HUN","Entreprise","","",""
"TAP India","civil-society","IND","Fondation ","","",""
"Tech Impact","civil-society","USA","Organisation à but non lucratif","","",""
"Tech In France","private-sector","FRA","Association professionnelle ","","",""
"TechLegis","private-sector","IND","Entreprise","","",""
"TechNet","private-sector","USA","Association professionnelle ","","",""
"techUK","private-sector","GBR","Association professionnelle ","","",""
"Technical University of Sofia","civil-society","BGR","Université","","",""
"Technology Industries of Finland","private-sector","FIN","Association professionnelle ","","",""
"Technology Ireland","private-sector","IRL","Association professionnelle ","","",""
"Technology Research Project Corporate (TRPC)","private-sector","SGP","Entreprise","","",""
"Tecnología Especializada Asociada de México","private-sector","MEX","Entreprise","","",""
"Telefonica","private-sector","ESP","Entreprise","","",""
"Telelink Business Service","private-sector","BGR","Entreprise","","",""
"Telenor Group","private-sector","NOR","Entreprise","","",""
"Teletón","civil-society","CHL","","https://www.teleton.cl/","","2020-09-30"
"Temple University","civil-society","USA","Université","","",""
"Tenable","private-sector","USA","Entreprise","","",""
"Thai E-Commerce Association","private-sector","THA","Association professionnelle ","","",""
"Thai Game Software Industry Association (TGA)","private-sector","THA","Association professionnelle ","","",""
"Thai Netizen Network","civil-society","THA","Fondation ","","",""
"Thales","private-sector","FRA","Entreprise","","",""
"The American Malaysian Chamber of Commerce","private-sector","MYS","Chambre de commerce","","",""
"The Applied Sciences Academy","civil-society","MLT","","","",""
"The Beautiful Foundation","civil-society","KOR","","","",""
"The Boston Consulting Group","private-sector","USA","Entreprise","","",""
"The Coalition of Services Industries","private-sector","USA","Association professionnelle ","","",""
"The Collins Institute","civil-society","IRL","Think tank","","",""
"The Colombian Federation of the Software Industry and Related Information Technologies - FEDESOFT","private-sector","COL","Association professionnelle ","","",""
"The Commune of Șelimbăr","public-authority","ROM","Collectivité locale","","",""
"THE CSR Co.,Ltd.","private-sector","KOR","Entreprise","","",""
"The DARIU Foundation","civil-society","CHE","Organisation à but non lucratif","","",""
"The Dialogue","civil-society","IND","","","",""
"The Faculty of International Business and Economics in the Bucharest University of Economic Studies","civil-society","ROM","Université","","",""
"The Future Project Africa","civil-society","NGA","Organisation à but non lucratif","","",""
"The Future Society","civil-society","USA","Think tank","","",""
"The Girls Code Initiative","civil-society","NGA","Organisation à but non lucratif","","","2019-11-12"
"The Hague Center of Strategic Studies","civil-society","NLD","Think tank","","",""
"The Hague Security Delta Foundation","civil-society","NLD","Fondation ","","",""
"The ICT Association of Hungary – IVSZ","private-sector","HUN","Association professionnelle ","","",""
"The International Women´s Forum Mexico Chapter","civil-society","MEX","Association","","",""
"The Internet Society (ISOC)","civil-society","USA","Association","","",""
"The Japan Institute of International Affairs (JIIA)","civil-society","JPN","Think tank","","",""
"The Johannesburg Parent and Child Counselling Centre","civil-society","ZAF","Organisation à but non lucratif","","",""
"The KnowledgeFlow Cybersafety Foundation","civil-society","CAN","ONG","","",""
"The Kosciuzsko Institute","civil-society","POL","Think tank","","",""
"The Linux Foundation","private-sector","USA","Association professionnelle ","","",""
"The Media Institute","civil-society","USA","Organisation à but non lucratif","","",""
"The Polish Chamber of Information Technology and Telecommunications","civil-society","POL","Fédération","","",""
"The Vedica Scholars Programme for Women","civil-society","IND","Université","","",""
"The World Wide Web Foundation","civil-society","USA","Fondation ","","",""
"The Zariah Elizabeth Foundation.","civil-society","NGA","Fondation ","","",""
"Therapia SA","private-sector","GRC","Entreprise","","",""
"THINKTANK - Centre for Dialogue and Analysis","civil-society","POL","Think tank","","",""
"Threat Modeler","private-sector","USA","Entreprise","","",""
"TIARCENTER","civil-society","RUS","Think tank","","",""
"TKEB GROUPE","private-sector","SEN","","","@TKEBGroupe","2020-03-24"
"Top Value Service Sole Co.","private-sector","LAO","Entreprise","","",""
"TOPPEN Co., Ltd.","private-sector","JPN","Entreprise","","",""
"TOSHIBA CORPORATION","private-sector","JPN","","https://www.toshiba.co.jp/worldwide/index.html","","2020-03-13"
"Tosibox","private-sector","FIN","Entreprise","","",""
"Total","private-sector","FRA","Entreprise","","",""
"Transatlantic Commission on Election Integrity","civil-society","","Fondation ","","",""
"Trendmicro","private-sector","JPN","Entreprise","","",""
"Trevor Noah Foundation","civil-society","ZAF","Organisation à but non lucratif","","",""
"Trifold X","private-sector","MYS","Entreprise","","",""
"Trilegal","private-sector","IND","Entreprise","","",""
"Țuca Zbârcea & Asociații","private-sector","ROM","Entreprise","","",""
"Tudor Rose","private-sector","GBR","Entreprise","","",""
"Tunisie","state","TUN","","https://www.diplomatie.gov.tn","@Tunisie.Diplo","2019-11-11"
"Turkish Informatics Foundation (TBV -Türkiye Bilişim Vakfı)","civil-society","TUR","Organisation à but non lucratif","","",""
"TUV SUD","private-sector","DEU","Entreprise","","",""
"UCD Centre for Cybersecurity & Cybercrime Investigation","civil-society","IRL","Université","","",""
"Udayan Care","civil-society","IND","Fondation ","","",""
"UiPath","private-sector","USA","Entreprise","","",""
"Unisys","private-sector","USA","Entreprise","","",""
"Universidad Católica de Santa María","civil-society","PER","Université","","",""
"Universidad CLAEH","civil-society","URY","","","",""
"Universidad de Ingeniería y Tecnología (UTEC)","civil-society","PER","université","","",""
"Universidad Externado de Colombia","civil-society","COL","","","","2020-03-20"
"Universidad Iberoamericana (UNIBE)","civil-society","DOM","Université","","",""
"Universidad Nacional Mayor de San Marcos","civil-society","PER","","","",""
"Universidad Panamericana (México)","civil-society","MEX","Université","","",""
"Universidad Tecnológica del Perú","civil-society","PER","Université","","","2019-11-12"
"Université Bretagne Sud","civil-society","FRA","","https://www.univ-ubs.fr","@UBS_universite","2019-11-14"
"University College Cork","civil-society","IRL","Université","","",""
"University College Dublin (UCD)","civil-society","IRL","Université","","",""
"University of Exeter","civil-society","GBR","Université","","",""
"University of Malaya STEM Centre","civil-society","MYS","Université","","",""
"University of National and World Economy (UNWE)","civil-society","BGR","Université","","",""
"University of Piraeus","civil-society","GRC","Université","","",""
"University of Pittsburgh Institute for Cyber Law, Policy and Security (Pitt Cyber)","civil-society","USA","Université","","",""
"University of Sibiu","civil-society","ROM","Université","","",""
"Ursa Major Technologies, Inc.","private-sector","USA","Entreprise","","",""
"US-India Strategic Partnership Forum (USISPF)","civil-society","IND","","","",""
"US Licensing Group","private-sector","USA","Entreprise","","",""
"US Medical IT","private-sector","USA","Entreprise","","",""
"VALIDY NET INC","private-sector","FRA","Entreprise","","",""
"VALIDY SAS","private-sector","FRA","Entreprise","","",""
"Vancouver SecSIG","private-sector","CAN","Association professionnelle ","","",""
"‘Vasile Goldiș’ Western University of Arad","civil-society","ROM","Université","","",""
"Verband der TÜV","civil-society","DEU","Fédération","","",""
"Vidhi Centre for Legal Policy","civil-society","IND","Think tank","","",""
"Vietnet ICT","civil-society","VNM","Organisation à but non lucratif","","","2019-11-12"
"Vietnet Information Technology and Communication Center (VIETNET-ICT)","civil-society","VNM","Association","","",""
"Ville de Agios Dimitrios","public-authority","GRC","Collectivité locale","","",""
"Viria Plc","private-sector","FIN","Entreprise","","",""
"Visa","private-sector","USA","Entreprise","","",""
"Vittorio Dan Segre Foundation","civil-society","CHE","Fondation ","","",""
"VMWare","private-sector","USA","Entreprise","","",""
"VORAS Consulting","private-sector","LTU","Entreprise","","",""
"VU Security","private-sector","ARG","Entreprise","","",""
"Vukmir & Associates","private-sector","HRV","Entreprise","","",""
"Wannath","private-sector","FRA","","https://www.wannath.com","@Wannath_France","2019-11-14"
"WareServe Inc.","private-sector","JPN","Entreprise","","",""
"Wärtsilä","private-sector","FIN","Entreprise","","",""
"Washington State","public-authority","USA","Etat fédéré","","",""
"Waterloo Cybersecurity and Privacy Institute","civil-society","CAN","Université","","",""
"Wavestone","private-sector","FRA","Entreprise","","",""
"Waw Telecom","private-sector","SEN","Entreprise","","",""
"Werft22 AG","private-sector","CHE","Entreprise","","",""
"WestExec Advisors","private-sector","USA","Entreprise","","",""
"Westcon Comstor Mexico","private-sector","MEX","Entreprise","","",""
"WISE Partners","private-sector","FRA","Entreprise","","",""
"Wisekey","private-sector","CHE","Entreprise","","",""
"Wizfinity Edusolutions Pvt. Ltd","private-sector","IND","Entreprise","","",""
"Women4Cyber Foundation","civil-society","BEL","","https://www.women4cyber.eu","@Women4Cyber","2020-03-24"
"Women's Technology Empowerment Centre- W.TEC","civil-society","NGA","","https://www.wtec.org.ng","Wteconline","2019-11-29"
"Workday","private-sector","USA","","https://www.workday.com","@Workday","2019-11-18"
"World Economic Forum","civil-society","CHE","Organisation internationale","","",""
"World Leadership Alliance - Club de Madrid","civil-society","ESP","ONG","","",""
"Wygrajmy Zdrowie Foundation","civil-society","POL","","","",""
"Yahoo Japan Corporation","private-sector","JPN","Entreprise","","",""
"Yale Privacy Lab","civil-society","USA","Université","","",""
"YCAB Foundation","civil-society","IDN","Fondation ","","",""
"Yellow Cube","private-sector","HUN","Entreprise","","",""
"Yes Europe Lab","civil-society","NLD","Organisation à but non lucratif","","",""
"YesWeHack","private-sector","FRA","Entreprise","","",""
"YoGoKo","private-sector","FRA","Entreprise","","",""
"Yogosha","private-sector","FRA","Entreprise","","",""
"Youth-Minds Alignment and Development Centre","civil-society","NGA","Organisation à but non lucratif","","",""
"Združenje za informatiko in telekomunikacije (ZIT)","private-sector","SVN","Association professionnelle ","","",""
"Zimmer Biomet","private-sector","USA","","","",""
"ZIPSEE Digital Poland","civil-society","POL","Association","","",""
"Zitec.com","private-sector","ROM","Entreprise","","",""
"Zoho","private-sector","USA","Entreprise","","",""
"Zurich Insurance Group","private-sector","CHE","Entreprise","","",""
